time;operation;price;amount;invest;value;stopUp;stopDown;baseInvest
2022-01-04T05:45:00+01:00;BUY;76,253;131.14238128335936;0;10000.000000000002;05;1;10000
2022-01-04T06:30:00+01:00;SELL;76,246;0;9999.082003331017;9999.082003331017;05;1;10000
2022-01-04T06:30:00+01:00;BUY;76,246;131.14238128335936;0;9999.082003331017;05;1;10000
2022-01-04T07:15:00+01:00;SELL;75,935;0;9958.296722751893;9958.296722751893;05;1;10000
2022-01-04T07:15:00+01:00;BUY;75,935;131.14238128335936;0;9958.296722751893;05;1;10000
2022-01-04T07:30:00+01:00;SELL;75,947;0;9959.870431327294;9959.870431327294;05;1;10000
2022-01-04T07:30:00+01:00;BUY;75,947;131.14238128335936;0;9959.870431327294;05;1;10000
2022-01-04T07:45:00+01:00;SELL;75,997;0;9966.427550391461;9966.427550391461;05;1;10000
2022-01-04T07:45:00+01:00;BUY;75,997;131.14238128335936;0;9966.427550391461;05;1;10000
2022-01-04T08:45:00+01:00;SELL;75,854;0;9947.674189867941;9947.674189867941;05;1;10000
2022-01-04T08:45:00+01:00;BUY;75,854;131.14238128335936;0;9947.674189867941;05;1;10000
2022-01-04T09:00:00+01:00;SELL;75,947;0;9959.870431327294;9959.870431327294;05;1;10000
2022-01-04T09:00:00+01:00;BUY;75,947;131.14238128335936;0;9959.870431327294;05;1;10000
2022-01-04T09:15:00+01:00;SELL;76,046;0;9972.853527074347;9972.853527074347;05;1;10000
2022-01-04T09:15:00+01:00;BUY;76,046;131.14238128335936;0;9972.853527074347;05;1;10000
2022-01-04T09:30:00+01:00;SELL;76,282;0;10003.803129057218;10003.803129057218;05;1;10000
2022-01-04T09:30:00+01:00;BUY;76,282;131.14238128335936;0;10003.803129057218;05;1;10000
2022-01-04T10:00:00+01:00;SELL;76,211;0;9994.492019986099;9994.492019986099;05;1;10000
2022-01-04T10:00:00+01:00;BUY;76,211;131.14238128335936;0;9994.492019986099;05;1;10000
2022-01-04T10:30:00+01:00;SELL;76,19;0;9991.73802997915;9991.73802997915;05;1;10000
2022-01-04T10:30:00+01:00;BUY;76,19;131.14238128335936;0;9991.73802997915;05;1;10000
2022-01-04T10:45:00+01:00;SELL;76,257;0;10000.524569525134;10000.524569525134;05;1;10000
2022-01-04T10:45:00+01:00;BUY;76,257;131.14238128335936;0;10000.524569525134;05;1;10000
2022-01-04T11:00:00+01:00;SELL;76,484;0;10030.293890076457;10030.293890076457;05;1;10000
2022-01-04T11:00:00+01:00;BUY;76,484;131.14238128335936;0;10030.293890076457;05;1;10000
2022-01-04T11:15:00+01:00;SELL;76,588;0;10043.932697729926;10043.932697729926;05;1;10000
2022-01-04T11:15:00+01:00;BUY;76,588;131.14238128335936;0;10043.932697729926;05;1;10000
2022-01-04T12:00:00+01:00;SELL;76,521;0;10035.146158183941;10035.146158183941;05;1;10000
2022-01-04T12:00:00+01:00;BUY;76,521;131.14238128335936;0;10035.146158183941;05;1;10000
2022-01-04T13:30:00+01:00;SELL;76,12;0;9982.558063289314;9982.558063289314;05;1;10000
2022-01-04T13:30:00+01:00;BUY;76,12;131.14238128335936;0;9982.558063289314;05;1;10000
2022-01-04T13:45:00+01:00;SELL;76,33;0;10010.09796335882;10010.09796335882;05;1;10000
2022-01-04T13:45:00+01:00;BUY;76,33;131.14238128335936;0;10010.09796335882;05;1;10000
2022-01-04T14:00:00+01:00;SELL;76,55;0;10038.949287241157;10038.949287241157;05;1;10000
2022-01-04T14:00:00+01:00;BUY;76,55;131.14238128335936;0;10038.949287241157;05;1;10000
2022-01-04T14:15:00+01:00;SELL;76,748;0;10064.915478735264;10064.915478735264;05;1;10000
2022-01-04T14:15:00+01:00;BUY;76,748;131.14238128335936;0;10064.915478735264;05;1;10000
2022-01-04T14:45:00+01:00;SELL;76,702;0;10058.882929196228;10058.882929196228;05;1;10000
2022-01-04T14:45:00+01:00;BUY;76,702;131.14238128335936;0;10058.882929196228;05;1;10000
2022-01-04T15:15:00+01:00;SELL;76,397;0;10018.884502904806;10018.884502904806;05;1;10000
2022-01-04T15:15:00+01:00;BUY;76,397;131.14238128335936;0;10018.884502904806;05;1;10000
2022-01-04T15:30:00+01:00;SELL;76,659;0;10053.243806801045;10053.243806801045;05;1;10000
2022-01-04T15:30:00+01:00;BUY;76,659;131.14238128335936;0;10053.243806801045;05;1;10000
2022-01-04T15:45:00+01:00;SELL;77,199;0;10124.060692694058;10124.060692694058;05;1;10000
2022-01-04T15:45:00+01:00;BUY;77,199;131.14238128335936;0;10124.060692694058;05;1;10000
2022-01-04T17:30:00+01:00;SELL;76,838;0;10076.718293050766;10076.718293050766;05;1;10000
2022-01-04T17:30:00+01:00;BUY;76,838;131.14238128335936;0;10076.718293050766;05;1;10000
2022-01-04T17:45:00+01:00;SELL;77,018;0;10100.323921681771;10100.323921681771;05;1;10000
2022-01-04T17:45:00+01:00;BUY;77,018;131.14238128335936;0;10100.323921681771;05;1;10000
2022-01-04T18:00:00+01:00;SELL;77,033;0;10102.291057401022;10102.291057401022;05;1;10000
2022-01-04T18:00:00+01:00;BUY;77,033;131.14238128335936;0;10102.291057401022;05;1;10000
2022-01-04T18:15:00+01:00;SELL;77,102;0;10111.339881709573;10111.339881709573;05;1;10000
2022-01-04T18:15:00+01:00;BUY;77,102;131.14238128335936;0;10111.339881709573;05;1;10000
2022-01-04T19:00:00+01:00;SELL;77,006;0;10098.75021310637;10098.75021310637;05;1;10000
2022-01-04T19:00:00+01:00;BUY;77,006;131.14238128335936;0;10098.75021310637;05;1;10000
2022-01-04T19:45:00+01:00;SELL;77,005;0;10098.619070725086;10098.619070725086;05;1;10000
2022-01-04T19:45:00+01:00;BUY;77,005;131.14238128335936;0;10098.619070725086;05;1;10000
2022-01-04T21:00:00+01:00;SELL;76,942;0;10090.357100704234;10090.357100704234;05;1;10000
2022-01-04T21:00:00+01:00;BUY;76,942;131.14238128335936;0;10090.357100704234;05;1;10000
2022-01-04T22:00:00+01:00;SELL;76,821;0;10074.488872568949;10074.488872568949;05;1;10000
2022-01-04T22:00:00+01:00;BUY;76,821;131.14238128335936;0;10074.488872568949;05;1;10000
2022-01-04T22:30:00+01:00;SELL;76,899;0;10084.71797830905;10084.71797830905;05;1;10000
2022-01-04T22:30:00+01:00;BUY;76,899;131.14238128335936;0;10084.71797830905;05;1;10000
2022-01-04T22:45:00+01:00;SELL;76,917;0;10087.078541172152;10087.078541172152;05;1;10000
2022-01-04T22:45:00+01:00;BUY;76,917;131.14238128335936;0;10087.078541172152;05;1;10000
2022-01-05T00:00:00+01:00;SELL;76,927;0;10088.389964984986;10088.389964984986;05;1;10000
2022-01-05T00:00:00+01:00;BUY;76,927;131.14238128335936;0;10088.389964984986;05;1;10000
2022-01-05T00:45:00+01:00;SELL;76,836;0;10076.4560082882;10076.4560082882;05;1;10000
2022-01-05T00:45:00+01:00;BUY;76,836;131.14238128335936;0;10076.4560082882;05;1;10000
2022-01-05T01:00:00+01:00;SELL;76,854;0;10078.8165711513;10078.8165711513;05;1;10000
2022-01-05T01:00:00+01:00;BUY;76,854;131.14238128335936;0;10078.8165711513;05;1;10000
2022-01-05T01:15:00+01:00;SELL;76,866;0;10080.3902797267;10080.3902797267;05;1;10000
2022-01-05T01:15:00+01:00;BUY;76,866;131.14238128335936;0;10080.3902797267;05;1;10000
2022-01-05T01:45:00+01:00;SELL;76,854;0;10078.8165711513;10078.8165711513;05;1;10000
2022-01-05T01:45:00+01:00;BUY;76,854;131.14238128335936;0;10078.8165711513;05;1;10000
2022-01-05T02:00:00+01:00;SELL;76,874;0;10081.439418776967;10081.439418776967;05;1;10000
2022-01-05T02:00:00+01:00;BUY;76,874;131.14238128335936;0;10081.439418776967;05;1;10000
2022-01-05T02:15:00+01:00;SELL;76,896;0;10084.3245511652;10084.3245511652;05;1;10000
2022-01-05T02:15:00+01:00;BUY;76,896;131.14238128335936;0;10084.3245511652;05;1;10000
2022-01-05T03:00:00+01:00;SELL;76,66;0;10053.374949182327;10053.374949182327;05;1;10000
2022-01-05T03:00:00+01:00;BUY;76,66;131.14238128335936;0;10053.374949182327;05;1;10000
2022-01-05T04:15:00+01:00;SELL;76,495;0;10031.736456270575;10031.736456270575;05;1;10000
2022-01-05T04:15:00+01:00;BUY;76,495;131.14238128335936;0;10031.736456270575;05;1;10000
2022-01-05T04:30:00+01:00;SELL;76,588;0;10043.932697729926;10043.932697729926;05;1;10000
2022-01-05T04:30:00+01:00;BUY;76,588;131.14238128335936;0;10043.932697729926;05;1;10000
2022-01-05T04:45:00+01:00;SELL;76,64;0;10050.752101556662;10050.752101556662;05;1;10000
2022-01-05T04:45:00+01:00;BUY;76,64;131.14238128335936;0;10050.752101556662;05;1;10000
2022-01-05T05:45:00+01:00;SELL;76,629;0;10049.309535362545;10049.309535362545;05;1;10000
2022-01-05T05:45:00+01:00;BUY;76,629;131.14238128335936;0;10049.309535362545;05;1;10000
2022-01-05T06:00:00+01:00;SELL;76,81;0;10073.046306374832;10073.046306374832;05;1;10000
2022-01-05T06:00:00+01:00;BUY;76,81;131.14238128335936;0;10073.046306374832;05;1;10000
2022-01-05T07:00:00+01:00;SELL;76,723;0;10061.63691920318;10061.63691920318;05;1;10000
2022-01-05T07:00:00+01:00;BUY;76,723;131.14238128335936;0;10061.63691920318;05;1;10000
2022-01-05T07:15:00+01:00;SELL;76,794;0;10070.948028274299;10070.948028274299;05;1;10000
2022-01-05T07:15:00+01:00;BUY;76,794;131.14238128335936;0;10070.948028274299;05;1;10000
2022-01-05T07:30:00+01:00;SELL;76,82;0;10074.357730187665;10074.357730187665;05;1;10000
2022-01-05T07:30:00+01:00;BUY;76,82;131.14238128335936;0;10074.357730187665;05;1;10000
2022-01-05T07:45:00+01:00;SELL;76,872;0;10081.1771340144;10081.1771340144;05;1;10000
2022-01-05T07:45:00+01:00;BUY;76,872;131.14238128335936;0;10081.1771340144;05;1;10000
2022-01-05T08:45:00+01:00;SELL;76,776;0;10068.587465411198;10068.587465411198;05;1;10000
2022-01-05T08:45:00+01:00;BUY;76,776;131.14238128335936;0;10068.587465411198;05;1;10000
2022-01-05T09:45:00+01:00;SELL;76,518;0;10034.752731040091;10034.752731040091;05;1;10000
2022-01-05T09:45:00+01:00;BUY;76,518;131.14238128335936;0;10034.752731040091;05;1;10000
2022-01-05T10:00:00+01:00;SELL;76,542;0;10037.900148190893;10037.900148190893;05;1;10000
2022-01-05T10:00:00+01:00;BUY;76,542;131.14238128335936;0;10037.900148190893;05;1;10000
2022-01-05T10:15:00+01:00;SELL;76,586;0;10043.67041296736;10043.67041296736;05;1;10000
2022-01-05T10:15:00+01:00;BUY;76,586;131.14238128335936;0;10043.67041296736;05;1;10000
2022-01-05T10:45:00+01:00;SELL;76,71;0;10059.932068246495;10059.932068246495;05;1;10000
2022-01-05T10:45:00+01:00;BUY;76,71;131.14238128335936;0;10059.932068246495;05;1;10000
2022-01-05T11:15:00+01:00;SELL;76,68;0;10055.997796807997;10055.997796807997;05;1;10000
2022-01-05T11:15:00+01:00;BUY;76,68;131.14238128335936;0;10055.997796807997;05;1;10000
2022-01-05T11:45:00+01:00;SELL;76,76;0;10066.489187310664;10066.489187310664;05;1;10000
2022-01-05T11:45:00+01:00;BUY;76,76;131.14238128335936;0;10066.489187310664;05;1;10000
2022-01-05T12:30:00+01:00;SELL;76,702;0;10058.882929196228;10058.882929196228;05;1;10000
2022-01-05T12:30:00+01:00;BUY;76,702;131.14238128335936;0;10058.882929196228;05;1;10000
2022-01-05T12:45:00+01:00;SELL;76,794;0;10070.948028274299;10070.948028274299;05;1;10000
2022-01-05T12:45:00+01:00;BUY;76,794;131.14238128335936;0;10070.948028274299;05;1;10000
2022-01-05T13:00:00+01:00;SELL;77,089;0;10109.63503075289;10109.63503075289;05;1;10000
2022-01-05T13:00:00+01:00;BUY;77,089;131.14238128335936;0;10109.63503075289;05;1;10000
2022-01-05T13:30:00+01:00;SELL;77,036;0;10102.684484544872;10102.684484544872;05;1;10000
2022-01-05T13:30:00+01:00;BUY;77,036;131.14238128335936;0;10102.684484544872;05;1;10000
2022-01-05T14:00:00+01:00;SELL;77,349;0;10143.732049886563;10143.732049886563;05;1;10000
2022-01-05T14:00:00+01:00;BUY;77,349;131.14238128335936;0;10143.732049886563;05;1;10000
2022-01-05T14:15:00+01:00;SELL;77,383;0;10148.190890850197;10148.190890850197;05;1;10000
2022-01-05T14:15:00+01:00;BUY;77,383;131.14238128335936;0;10148.190890850197;05;1;10000
2022-01-05T14:30:00+01:00;SELL;77,543;0;10169.173671855535;10169.173671855535;05;1;10000
2022-01-05T14:30:00+01:00;BUY;77,543;131.14238128335936;0;10169.173671855535;05;1;10000
2022-01-05T14:45:00+01:00;SELL;77,745;0;10195.664432874773;10195.664432874773;05;1;10000
2022-01-05T14:45:00+01:00;BUY;77,745;131.14238128335936;0;10195.664432874773;05;1;10000
2022-01-05T15:15:00+01:00;SELL;77,726;0;10193.17272763039;10193.17272763039;05;1;10000
2022-01-05T15:15:00+01:00;BUY;77,726;131.14238128335936;0;10193.17272763039;05;1;10000
2022-01-05T15:30:00+01:00;SELL;77,87;0;10212.057230535194;10212.057230535194;05;1;10000
2022-01-05T15:30:00+01:00;BUY;77,87;131.14238128335936;0;10212.057230535194;05;1;10000
2022-01-05T16:00:00+01:00;SELL;78,136;0;10246.941103956566;10246.941103956566;05;1;10000
2022-01-05T16:00:00+01:00;BUY;78,136;131.14238128335936;0;10246.941103956566;05;1;10000
2022-01-05T16:45:00+01:00;SELL;77,993;0;10228.187743433045;10228.187743433045;05;1;10000
2022-01-05T16:45:00+01:00;BUY;77,993;131.14238128335936;0;10228.187743433045;05;1;10000
2022-01-05T17:00:00+01:00;SELL;78,011;0;10230.548306296147;10230.548306296147;05;1;10000
2022-01-05T17:00:00+01:00;BUY;78,011;131.14238128335936;0;10230.548306296147;05;1;10000
2022-01-05T17:15:00+01:00;SELL;78,018;0;10231.466302965131;10231.466302965131;05;1;10000
2022-01-05T17:15:00+01:00;BUY;78,018;131.14238128335936;0;10231.466302965131;05;1;10000
2022-01-05T17:45:00+01:00;SELL;78,035;0;10233.695723446946;10233.695723446946;05;1;10000
2022-01-05T17:45:00+01:00;BUY;78,035;131.14238128335936;0;10233.695723446946;05;1;10000
2022-01-05T18:00:00+01:00;SELL;78,168;0;10251.137660157636;10251.137660157636;05;1;10000
2022-01-05T18:00:00+01:00;BUY;78,168;131.14238128335936;0;10251.137660157636;05;1;10000
2022-01-05T18:30:00+01:00;SELL;78,091;0;10241.039696798814;10241.039696798814;05;1;10000
2022-01-05T18:30:00+01:00;BUY;78,091;131.14238128335936;0;10241.039696798814;05;1;10000
2022-01-05T18:45:00+01:00;SELL;78,113;0;10243.92482918705;10243.92482918705;05;1;10000
2022-01-05T18:45:00+01:00;BUY;78,113;131.14238128335936;0;10243.92482918705;05;1;10000
2022-01-05T19:15:00+01:00;SELL;78,107;0;10243.13797489935;10243.13797489935;05;1;10000
2022-01-05T19:15:00+01:00;BUY;78,107;131.14238128335936;0;10243.13797489935;05;1;10000
2022-01-05T20:45:00+01:00;SELL;77,347;0;10143.469765123995;10143.469765123995;05;1;10000
2022-01-05T20:45:00+01:00;BUY;77,347;131.14238128335936;0;10143.469765123995;05;1;10000
2022-01-05T22:00:00+01:00;SELL;76,889;0;10083.406554496218;10083.406554496218;05;1;10000
2022-01-05T22:00:00+01:00;BUY;76,889;131.14238128335936;0;10083.406554496218;05;1;10000
2022-01-05T22:30:00+01:00;SELL;76,86;0;10079.603425439;10079.603425439;05;1;10000
2022-01-06T09:00:00+01:00;BUY;77,345;130.3200391161549;0;10079.603425439002;05;1;10000
2022-01-06T09:45:00+01:00;SELL;77,503;0;10100.193991619353;10100.193991619353;05;1;10000
2022-01-06T09:45:00+01:00;BUY;77,503;130.3200391161549;0;10100.193991619353;05;1;10000
2022-01-06T10:00:00+01:00;SELL;77,594;0;10112.053115178922;10112.053115178922;05;1;10000
2022-01-06T10:00:00+01:00;BUY;77,594;130.3200391161549;0;10112.053115178922;05;1;10000
2022-01-06T10:15:00+01:00;SELL;77,65;0;10119.351037369428;10119.351037369428;05;1;10000
2022-01-06T10:15:00+01:00;BUY;77,65;130.3200391161549;0;10119.351037369428;05;1;10000
2022-01-06T10:30:00+01:00;SELL;77,738;0;10130.81920081165;10130.81920081165;05;1;10000
2022-01-06T10:30:00+01:00;BUY;77,738;130.3200391161549;0;10130.81920081165;05;1;10000
2022-01-06T10:45:00+01:00;SELL;77,783;0;10136.683602571877;10136.683602571877;05;1;10000
2022-01-06T10:45:00+01:00;BUY;77,783;130.3200391161549;0;10136.683602571877;05;1;10000
2022-01-06T11:00:00+01:00;SELL;77,862;0;10146.978885662053;10146.978885662053;05;1;10000
2022-01-06T11:00:00+01:00;BUY;77,862;130.3200391161549;0;10146.978885662053;05;1;10000
2022-01-06T11:15:00+01:00;SELL;78,189;0;10189.593538453035;10189.593538453035;05;1;10000
2022-01-06T11:15:00+01:00;BUY;78,189;130.3200391161549;0;10189.593538453035;05;1;10000
2022-01-06T11:30:00+01:00;SELL;78,619;0;10245.631155272982;10245.631155272982;05;1;10000
2022-01-06T11:30:00+01:00;BUY;78,619;130.3200391161549;0;10245.631155272982;05;1;10000
2022-01-06T11:45:00+01:00;SELL;78,629;0;10246.934355664145;10246.934355664145;05;1;10000
2022-01-06T11:45:00+01:00;BUY;78,629;130.3200391161549;0;10246.934355664145;05;1;10000
2022-01-06T12:00:00+01:00;SELL;78,655;0;10250.322676681164;10250.322676681164;05;1;10000
2022-01-06T12:00:00+01:00;BUY;78,655;130.3200391161549;0;10250.322676681164;05;1;10000
2022-01-06T12:15:00+01:00;SELL;78,837;0;10274.040923800305;10274.040923800305;05;1;10000
2022-01-06T12:15:00+01:00;BUY;78,837;130.3200391161549;0;10274.040923800305;05;1;10000
2022-01-06T13:00:00+01:00;SELL;78,396;0;10216.56978655008;10216.56978655008;05;1;10000
2022-01-06T13:00:00+01:00;BUY;78,396;130.3200391161549;0;10216.56978655008;05;1;10000
2022-01-06T13:15:00+01:00;SELL;78,435;0;10221.65226807561;10221.65226807561;05;1;10000
2022-01-06T13:15:00+01:00;BUY;78,435;130.3200391161549;0;10221.65226807561;05;1;10000
2022-01-06T13:30:00+01:00;SELL;78,964;0;10290.591568768055;10290.591568768055;05;1;10000
2022-01-06T13:30:00+01:00;BUY;78,964;130.3200391161549;0;10290.591568768055;05;1;10000
2022-01-06T14:00:00+01:00;SELL;78,745;0;10262.051480201619;10262.051480201619;05;1;10000
2022-01-06T14:00:00+01:00;BUY;78,745;130.3200391161549;0;10262.051480201619;05;1;10000
2022-01-06T14:15:00+01:00;SELL;78,975;0;10292.025089198332;10292.025089198332;05;1;10000
2022-01-06T14:15:00+01:00;BUY;78,975;130.3200391161549;0;10292.025089198332;05;1;10000
2022-01-06T14:30:00+01:00;SELL;79,336;0;10339.070623319265;10339.070623319265;05;1;10000
2022-01-06T14:30:00+01:00;BUY;79,336;130.3200391161549;0;10339.070623319265;05;1;10000
2022-01-06T14:45:00+01:00;SELL;79,378;0;10344.544064962143;10344.544064962143;05;1;10000
2022-01-06T14:45:00+01:00;BUY;79,378;130.3200391161549;0;10344.544064962143;05;1;10000
2022-01-06T15:00:00+01:00;SELL;79,577;0;10370.47775274626;10370.47775274626;05;1;10000
2022-01-06T15:00:00+01:00;BUY;79,577;130.3200391161549;0;10370.47775274626;05;1;10000
2022-01-06T15:30:00+01:00;SELL;79,521;0;10363.179830555755;10363.179830555755;05;1;10000
2022-01-06T15:30:00+01:00;BUY;79,521;130.3200391161549;0;10363.179830555755;05;1;10000
2022-01-06T16:15:00+01:00;SELL;79,16;0;10316.134296434822;10316.134296434822;05;1;10000
2022-01-06T16:15:00+01:00;BUY;79,16;130.3200391161549;0;10316.134296434822;05;1;10000
2022-01-06T17:00:00+01:00;SELL;79,249;0;10327.73277991616;10327.73277991616;05;1;10000
2022-01-06T17:00:00+01:00;BUY;79,249;130.3200391161549;0;10327.73277991616;05;1;10000
2022-01-06T17:15:00+01:00;SELL;79,311;0;10335.812622341362;10335.812622341362;05;1;10000
2022-01-06T17:15:00+01:00;BUY;79,311;130.3200391161549;0;10335.812622341362;05;1;10000
2022-01-06T17:30:00+01:00;SELL;79,385;0;10345.456305235957;10345.456305235957;05;1;10000
2022-01-06T17:30:00+01:00;BUY;79,385;130.3200391161549;0;10345.456305235957;05;1;10000
2022-01-06T17:45:00+01:00;SELL;79,499;0;10360.312789695197;10360.312789695197;05;1;10000
2022-01-06T17:45:00+01:00;BUY;79,499;130.3200391161549;0;10360.312789695197;05;1;10000
2022-01-06T19:30:00+01:00;SELL;78,771;0;10265.439801218638;10265.439801218638;05;1;10000
2022-01-06T19:30:00+01:00;BUY;78,771;130.3200391161549;0;10265.439801218638;05;1;10000
2022-01-06T19:45:00+01:00;SELL;78,836;0;10273.910603761187;10273.910603761187;05;1;10000
2022-01-06T19:45:00+01:00;BUY;78,836;130.3200391161549;0;10273.910603761187;05;1;10000
2022-01-06T20:00:00+01:00;SELL;78,868;0;10278.080845012904;10278.080845012904;05;1;10000
2022-01-06T20:00:00+01:00;BUY;78,868;130.3200391161549;0;10278.080845012904;05;1;10000
2022-01-06T20:15:00+01:00;SELL;78,948;0;10288.506448142196;10288.506448142196;05;1;10000
2022-01-06T20:15:00+01:00;BUY;78,948;130.3200391161549;0;10288.506448142196;05;1;10000
2022-01-06T20:30:00+01:00;SELL;79,187;0;10319.652937490959;10319.652937490959;05;1;10000
2022-01-06T20:30:00+01:00;BUY;79,187;130.3200391161549;0;10319.652937490959;05;1;10000
2022-01-06T20:45:00+01:00;SELL;79,219;0;10323.823178742674;10323.823178742674;05;1;10000
2022-01-06T20:45:00+01:00;BUY;79,219;130.3200391161549;0;10323.823178742674;05;1;10000
2022-01-06T21:00:00+01:00;SELL;79,252;0;10328.123740033509;10328.123740033509;05;1;10000
2022-01-06T21:00:00+01:00;BUY;79,252;130.3200391161549;0;10328.123740033509;05;1;10000
2022-01-06T22:00:00+01:00;SELL;79,03;0;10299.192691349723;10299.192691349723;05;1;10000
2022-01-06T22:00:00+01:00;BUY;79,03;130.3200391161549;0;10299.192691349723;05;1;10000
2022-01-06T22:15:00+01:00;SELL;79,152;0;10315.091736121893;10315.091736121893;05;1;10000
2022-01-06T22:15:00+01:00;BUY;79,152;130.3200391161549;0;10315.091736121893;05;1;10000
2022-01-06T22:45:00+01:00;SELL;79,148;0;10314.570455965428;10314.570455965428;05;1;10000
2022-01-06T22:45:00+01:00;BUY;79,148;130.3200391161549;0;10314.570455965428;05;1;10000
2022-01-07T00:15:00+01:00;SELL;79,133;0;10312.615655378686;10312.615655378686;05;1;10000
2022-01-07T00:15:00+01:00;BUY;79,133;130.3200391161549;0;10312.615655378686;05;1;10000
2022-01-07T01:00:00+01:00;SELL;79,025;0;10298.541091154142;10298.541091154142;05;1;10000
2022-01-07T01:00:00+01:00;BUY;79,025;130.3200391161549;0;10298.541091154142;05;1;10000
2022-01-07T01:15:00+01:00;SELL;79,084;0;10306.229973461996;10306.229973461996;05;1;10000
2022-01-07T01:15:00+01:00;BUY;79,084;130.3200391161549;0;10306.229973461996;05;1;10000
2022-01-07T02:00:00+01:00;SELL;79,33;0;10338.288703084569;10338.288703084569;05;1;10000
2022-01-07T02:00:00+01:00;BUY;79,33;130.3200391161549;0;10338.288703084569;05;1;10000
2022-01-07T02:15:00+01:00;SELL;79,441;0;10352.754227426462;10352.754227426462;05;1;10000
2022-01-07T02:15:00+01:00;BUY;79,441;130.3200391161549;0;10352.754227426462;05;1;10000
2022-01-07T02:30:00+01:00;SELL;79,451;0;10354.057427817623;10354.057427817623;05;1;10000
2022-01-07T02:30:00+01:00;BUY;79,451;130.3200391161549;0;10354.057427817623;05;1;10000
2022-01-07T02:45:00+01:00;SELL;79,601;0;10373.605433685047;10373.605433685047;05;1;10000
2022-01-07T02:45:00+01:00;BUY;79,601;130.3200391161549;0;10373.605433685047;05;1;10000
2022-01-07T03:15:00+01:00;SELL;79,526;0;10363.831430751334;10363.831430751334;05;1;10000
2022-01-07T03:15:00+01:00;BUY;79,526;130.3200391161549;0;10363.831430751334;05;1;10000
2022-01-07T03:30:00+01:00;SELL;79,663;0;10381.685276110247;10381.685276110247;05;1;10000
2022-01-07T03:30:00+01:00;BUY;79,663;130.3200391161549;0;10381.685276110247;05;1;10000
2022-01-07T04:15:00+01:00;SELL;79,672;0;10382.858156462293;10382.858156462293;05;1;10000
2022-01-07T04:15:00+01:00;BUY;79,672;130.3200391161549;0;10382.858156462293;05;1;10000
2022-01-07T05:15:00+01:00;SELL;79,535;0;10365.00431110338;10365.00431110338;05;1;10000
2022-01-07T05:15:00+01:00;BUY;79,535;130.3200391161549;0;10365.00431110338;05;1;10000
2022-01-07T05:45:00+01:00;SELL;79,595;0;10372.823513450348;10372.823513450348;05;1;10000
2022-01-07T05:45:00+01:00;BUY;79,595;130.3200391161549;0;10372.823513450348;05;1;10000
2022-01-07T06:15:00+01:00;SELL;79,584;0;10371.389993020071;10371.389993020071;05;1;10000
2022-01-07T06:15:00+01:00;BUY;79,584;130.3200391161549;0;10371.389993020071;05;1;10000
2022-01-07T06:30:00+01:00;SELL;79,63;0;10377.384714819415;10377.384714819415;05;1;10000
2022-01-07T06:30:00+01:00;BUY;79,63;130.3200391161549;0;10377.384714819415;05;1;10000
2022-01-07T06:45:00+01:00;SELL;79,707;0;10387.419357831357;10387.419357831357;05;1;10000
2022-01-07T06:45:00+01:00;BUY;79,707;130.3200391161549;0;10387.419357831357;05;1;10000
2022-01-07T07:30:00+01:00;SELL;79,774;0;10396.150800452142;10396.150800452142;05;1;10000
2022-01-07T07:30:00+01:00;BUY;79,774;130.3200391161549;0;10396.150800452142;05;1;10000
2022-01-07T07:45:00+01:00;SELL;79,906;0;10413.353045615475;10413.353045615475;05;1;10000
2022-01-07T07:45:00+01:00;BUY;79,906;130.3200391161549;0;10413.353045615475;05;1;10000
2022-01-07T08:45:00+01:00;SELL;79,582;0;10371.129352941838;10371.129352941838;05;1;10000
2022-01-07T08:45:00+01:00;BUY;79,582;130.3200391161549;0;10371.129352941838;05;1;10000
2022-01-07T09:30:00+01:00;SELL;79,327;0;10337.89774296722;10337.89774296722;05;1;10000
2022-01-07T09:30:00+01:00;BUY;79,327;130.3200391161549;0;10337.89774296722;05;1;10000
2022-01-07T09:45:00+01:00;SELL;79,473;0;10356.924468678179;10356.924468678179;05;1;10000
2022-01-07T09:45:00+01:00;BUY;79,473;130.3200391161549;0;10356.924468678179;05;1;10000
2022-01-07T10:00:00+01:00;SELL;79,593;0;10372.562873372117;10372.562873372117;05;1;10000
2022-01-07T10:00:00+01:00;BUY;79,593;130.3200391161549;0;10372.562873372117;05;1;10000
2022-01-07T10:15:00+01:00;SELL;79,631;0;10377.51503485853;10377.51503485853;05;1;10000
2022-01-07T10:15:00+01:00;BUY;79,631;130.3200391161549;0;10377.51503485853;05;1;10000
2022-01-07T10:30:00+01:00;SELL;79,71;0;10387.810317948706;10387.810317948706;05;1;10000
2022-01-07T10:30:00+01:00;BUY;79,71;130.3200391161549;0;10387.810317948706;05;1;10000
2022-01-07T11:00:00+01:00;SELL;79,788;0;10397.975280999766;10397.975280999766;05;1;10000
2022-01-07T11:00:00+01:00;BUY;79,788;130.3200391161549;0;10397.975280999766;05;1;10000
2022-01-07T11:15:00+01:00;SELL;79,81;0;10400.842321860324;10400.842321860324;05;1;10000
2022-01-07T11:15:00+01:00;BUY;79,81;130.3200391161549;0;10400.842321860324;05;1;10000
2022-01-07T11:30:00+01:00;SELL;79,828;0;10403.188082564415;10403.188082564415;05;1;10000
2022-01-07T11:30:00+01:00;BUY;79,828;130.3200391161549;0;10403.188082564415;05;1;10000
2022-01-07T13:00:00+01:00;SELL;79,594;0;10372.693193411233;10372.693193411233;05;1;10000
2022-01-07T13:00:00+01:00;BUY;79,594;130.3200391161549;0;10372.693193411233;05;1;10000
2022-01-07T14:00:00+01:00;SELL;79,559;0;10368.131992042168;10368.131992042168;05;1;10000
2022-01-07T14:00:00+01:00;BUY;79,559;130.3200391161549;0;10368.131992042168;05;1;10000
2022-01-07T14:15:00+01:00;SELL;79,771;0;10395.759840334793;10395.759840334793;05;1;10000
2022-01-07T14:15:00+01:00;BUY;79,771;130.3200391161549;0;10395.759840334793;05;1;10000
2022-01-07T15:45:00+01:00;SELL;79,04;0;10300.495891740884;10300.495891740884;05;1;10000
2022-01-07T15:45:00+01:00;BUY;79,04;130.3200391161549;0;10300.495891740884;05;1;10000
2022-01-07T16:15:00+01:00;SELL;78,757;0;10263.615320671011;10263.615320671011;05;1;10000
2022-01-07T16:15:00+01:00;BUY;78,757;130.3200391161549;0;10263.615320671011;05;1;10000
2022-01-07T16:30:00+01:00;SELL;78,817;0;10271.43452301798;10271.43452301798;05;1;10000
2022-01-10T10:00:00+01:00;BUY;78,799;130.34980803078693;0;10271.43452301798;05;1;10000
2022-01-10T10:15:00+01:00;SELL;78,858;0;10279.125161691796;10279.125161691796;05;1;10000
2022-01-10T10:15:00+01:00;BUY;78,858;130.34980803078693;0;10279.125161691796;05;1;10000
2022-01-10T10:30:00+01:00;SELL;78,918;0;10286.946150173644;10286.946150173644;05;1;10000
2022-01-10T10:30:00+01:00;BUY;78,918;130.34980803078693;0;10286.946150173644;05;1;10000
2022-01-10T11:45:00+01:00;SELL;78,413;0;10221.119497118096;10221.119497118096;05;1;10000
2022-01-11T11:30:00+01:00;BUY;78,872;129.59123005779105;0;10221.119497118096;05;1;10000
2022-01-11T11:45:00+01:00;SELL;78,894;0;10223.970504179368;10223.970504179368;05;1;10000
2022-01-11T11:45:00+01:00;BUY;78,894;129.59123005779105;0;10223.970504179368;05;1;10000
2022-01-11T12:15:00+01:00;SELL;78,894;0;10223.970504179368;10223.970504179368;05;1;10000
2022-01-11T12:15:00+01:00;BUY;78,894;129.59123005779105;0;10223.970504179368;05;1;10000
2022-01-11T12:30:00+01:00;SELL;78,919;0;10227.210284930812;10227.210284930812;05;1;10000
2022-01-11T12:30:00+01:00;BUY;78,919;129.59123005779105;0;10227.210284930812;05;1;10000
2022-01-11T12:45:00+01:00;SELL;78,955;0;10231.875569212893;10231.875569212893;05;1;10000
2022-01-11T12:45:00+01:00;BUY;78,955;129.59123005779105;0;10231.875569212893;05;1;10000
2022-01-11T13:15:00+01:00;SELL;78,966;0;10233.301072743527;10233.301072743527;05;1;10000
2022-01-11T13:15:00+01:00;BUY;78,966;129.59123005779105;0;10233.301072743527;05;1;10000
2022-01-11T13:45:00+01:00;SELL;78,997;0;10237.31840087532;10237.31840087532;05;1;10000
2022-01-11T13:45:00+01:00;BUY;78,997;129.59123005779105;0;10237.31840087532;05;1;10000
2022-01-11T14:45:00+01:00;SELL;78,93;0;10228.635788461448;10228.635788461448;05;1;10000
2022-01-11T14:45:00+01:00;BUY;78,93;129.59123005779105;0;10228.635788461448;05;1;10000
2022-01-11T15:00:00+01:00;SELL;79,464;0;10297.837505312307;10297.837505312307;05;1;10000
2022-01-11T15:00:00+01:00;BUY;79,464;129.59123005779105;0;10297.837505312307;05;1;10000
2022-01-11T15:45:00+01:00;SELL;78,602;0;10186.129865002493;10186.129865002493;05;1;10000
2022-01-11T15:45:00+01:00;BUY;78,602;129.59123005779105;0;10186.129865002493;05;1;10000
2022-01-11T16:00:00+01:00;SELL;79,073;0;10247.16733435971;10247.16733435971;05;1;10000
2022-01-11T16:00:00+01:00;BUY;79,073;129.59123005779105;0;10247.16733435971;05;1;10000
2022-01-11T16:30:00+01:00;SELL;79,109;0;10251.83261864179;10251.83261864179;05;1;10000
2022-01-11T16:30:00+01:00;BUY;79,109;129.59123005779105;0;10251.83261864179;05;1;10000
2022-01-11T16:45:00+01:00;SELL;79,423;0;10292.52426487994;10292.52426487994;05;1;10000
2022-01-11T16:45:00+01:00;BUY;79,423;129.59123005779105;0;10292.52426487994;05;1;10000
2022-01-11T17:00:00+01:00;SELL;80,311;0;10407.601277171258;10407.601277171258;05;1;10000
2022-01-11T17:00:00+01:00;BUY;80,311;129.59123005779105;0;10407.601277171258;05;1;10000
2022-01-11T17:15:00+01:00;SELL;80,362;0;10414.210429904204;10414.210429904204;05;1;10000
2022-01-11T17:15:00+01:00;BUY;80,362;129.59123005779105;0;10414.210429904204;05;1;10000
2022-01-11T17:30:00+01:00;SELL;80,528;0;10435.7225740938;10435.7225740938;05;1;10000
2022-01-11T17:30:00+01:00;BUY;80,528;129.59123005779105;0;10435.7225740938;05;1;10000
2022-01-11T18:00:00+01:00;SELL;80,546;0;10438.05521623484;10438.05521623484;05;1;10000
2022-01-11T18:00:00+01:00;BUY;80,546;129.59123005779105;0;10438.05521623484;05;1;10000
2022-01-11T18:15:00+01:00;SELL;80,557;0;10439.480719765474;10439.480719765474;05;1;10000
2022-01-11T18:15:00+01:00;BUY;80,557;129.59123005779105;0;10439.480719765474;05;1;10000
2022-01-11T18:30:00+01:00;SELL;80,819;0;10473.433622040615;10473.433622040615;05;1;10000
2022-01-11T18:30:00+01:00;BUY;80,819;129.59123005779105;0;10473.433622040615;05;1;10000
2022-01-11T18:45:00+01:00;SELL;80,828;0;10474.599943111136;10474.599943111136;05;1;10000
2022-01-11T18:45:00+01:00;BUY;80,828;129.59123005779105;0;10474.599943111136;05;1;10000
2022-01-11T20:00:00+01:00;SELL;80,608;0;10446.089872498422;10446.089872498422;05;1;10000
2022-01-11T20:00:00+01:00;BUY;80,608;129.59123005779105;0;10446.089872498422;05;1;10000
2022-01-11T20:15:00+01:00;SELL;80,703;0;10458.401039353912;10458.401039353912;05;1;10000
2022-01-11T20:15:00+01:00;BUY;80,703;129.59123005779105;0;10458.401039353912;05;1;10000
2022-01-11T20:30:00+01:00;SELL;80,871;0;10480.172366003619;10480.172366003619;05;1;10000
2022-01-11T20:30:00+01:00;BUY;80,871;129.59123005779105;0;10480.172366003619;05;1;10000
2022-01-11T20:45:00+01:00;SELL;80,897;0;10483.541737985124;10483.541737985124;05;1;10000
2022-01-11T20:45:00+01:00;BUY;80,897;129.59123005779105;0;10483.541737985124;05;1;10000
2022-01-11T21:45:00+01:00;SELL;80,891;0;10482.764190604777;10482.764190604777;05;1;10000
2022-01-11T21:45:00+01:00;BUY;80,891;129.59123005779105;0;10482.764190604777;05;1;10000
2022-01-11T22:00:00+01:00;SELL;80,904;0;10484.448876595527;10484.448876595527;05;1;10000
2022-01-11T22:15:00+01:00;BUY;80,847;129.68259646734606;0;10484.448876595527;05;1;10000
2022-01-11T22:45:00+01:00;SELL;80,738;0;10470.313473580585;10470.313473580585;05;1;10000
2022-01-12T00:00:00+01:00;BUY;80,638;129.84341716784374;0;10470.313473580583;05;1;10000
2022-01-12T00:15:00+01:00;SELL;80,699;0;10478.23392202782;10478.23392202782;05;1;10000
2022-01-12T00:30:00+01:00;SELL;80,712;0;10478.233922027823;10478.233922027823;05;1;10000
2022-01-12T00:30:00+01:00;SELL;80,712;0;10478.233922027823;10478.233922027823;05;1;10000
2022-01-12T00:45:00+01:00;SELL;80,717;0;10478.233922027823;10478.233922027823;05;1;10000
2022-01-12T00:45:00+01:00;SELL;80,717;0;10478.233922027823;10478.233922027823;05;1;10000
2022-01-12T01:00:00+01:00;SELL;80,731;0;10478.233922027823;10478.233922027823;05;1;10000
2022-01-12T01:00:00+01:00;SELL;80,731;0;10478.233922027823;10478.233922027823;05;1;10000
2022-01-12T01:15:00+01:00;SELL;80,828;0;10478.233922027823;10478.233922027823;05;1;10000
2022-01-12T01:15:00+01:00;SELL;80,828;0;10478.233922027823;10478.233922027823;05;1;10000
2022-01-12T01:30:00+01:00;BUY;80,822;129.64581329375446;0;10478.233922027823;05;1;10000
2022-01-12T02:00:00+01:00;SELL;80,984;0;10499.23654378141;10499.23654378141;05;1;10000
2022-01-12T02:15:00+01:00;BUY;80,81;129.9249665113403;0;10499.23654378141;05;1;10000
2022-01-12T02:30:00+01:00;SELL;80,814;0;10499.756243647455;10499.756243647455;05;1;10000
2022-01-12T02:45:00+01:00;BUY;80,769;129.99735348521654;0;10499.756243647455;05;1;10000
2022-01-12T03:00:00+01:00;SELL;81,001;0;10529.915629656025;10529.915629656025;05;1;10000
2022-01-12T03:15:00+01:00;BUY;80,949;130.0808611552462;0;10529.915629656025;05;1;10000
2022-01-12T03:45:00+01:00;SELL;80,914;0;10525.362799515591;10525.362799515591;05;1;10000
2022-01-12T04:00:00+01:00;BUY;80,801;130.26277892000832;0;10525.362799515593;05;1;10000
2022-01-12T04:45:00+01:00;SELL;80,71;0;10513.50888663387;10513.50888663387;05;1;10000
2022-01-12T05:00:00+01:00;BUY;80,685;130.30314044288122;0;10513.508886633872;05;1;10000
2022-01-12T05:30:00+01:00;SELL;80,693;0;10514.551311757414;10514.551311757414;05;1;10000
2022-01-12T05:45:00+01:00;BUY;80,655;130.3645317929132;0;10514.551311757414;05;1;10000
2022-01-12T06:00:00+01:00;SELL;80,659;0;10515.072769884586;10515.072769884586;05;1;10000
2022-01-12T06:15:00+01:00;SELL;80,773;0;10515.072769884586;10515.072769884586;05;1;10000
2022-01-12T06:15:00+01:00;SELL;80,773;0;10515.072769884586;10515.072769884586;05;1;10000
2022-01-12T06:30:00+01:00;SELL;80,815;0;10515.072769884584;10515.072769884584;05;1;10000
2022-01-12T06:30:00+01:00;SELL;80,815;0;10515.072769884584;10515.072769884584;05;1;10000
2022-01-12T06:45:00+01:00;SELL;80,833;0;10515.072769884584;10515.072769884584;05;1;10000
2022-01-12T06:45:00+01:00;SELL;80,833;0;10515.072769884584;10515.072769884584;05;1;10000
2022-01-12T07:00:00+01:00;BUY;80,784;130.1628140459074;0;10515.072769884584;05;1;10000
2022-01-12T08:00:00+01:00;SELL;80,7;0;10504.139093504727;10504.139093504727;05;1;10000
2022-01-12T08:15:00+01:00;SELL;80,78;0;10504.139093504727;10504.139093504727;05;1;10000
2022-01-12T08:15:00+01:00;SELL;80,78;0;10504.139093504727;10504.139093504727;05;1;10000
2022-01-12T08:30:00+01:00;BUY;80,733;130.1096093729296;0;10504.139093504727;05;1;10000
2022-01-12T08:45:00+01:00;SELL;80,762;0;10507.912272176542;10507.912272176542;05;1;10000
2022-01-12T09:00:00+01:00;SELL;80,913;0;10507.912272176542;10507.912272176542;05;1;10000
2022-01-12T09:00:00+01:00;SELL;80,913;0;10507.912272176542;10507.912272176542;05;1;10000
2022-01-12T09:15:00+01:00;SELL;81,076;0;10507.912272176543;10507.912272176543;05;1;10000
2022-01-12T09:15:00+01:00;SELL;81,076;0;10507.912272176543;10507.912272176543;05;1;10000
2022-01-12T09:30:00+01:00;SELL;81,091;0;10507.912272176545;10507.912272176545;05;1;10000
2022-01-12T09:30:00+01:00;SELL;81,091;0;10507.912272176545;10507.912272176545;05;1;10000
2022-01-12T09:45:00+01:00;SELL;81,171;0;10507.912272176543;10507.912272176543;05;1;10000
2022-01-12T09:45:00+01:00;SELL;81,171;0;10507.912272176543;10507.912272176543;05;1;10000
2022-01-12T10:00:00+01:00;BUY;81,151;129.4859246611446;0;10507.912272176545;05;1;10000
2022-01-12T10:15:00+01:00;SELL;81,258;0;10521.767266115286;10521.767266115286;05;1;10000
2022-01-12T10:30:00+01:00;BUY;81,236;129.52099150764792;0;10521.767266115286;05;1;10000
2022-01-12T11:15:00+01:00;SELL;80,847;0;10471.38360041881;10471.38360041881;05;1;10000
2022-01-12T11:30:00+01:00;SELL;80,941;0;10471.38360041881;10471.38360041881;05;1;10000
2022-01-12T11:30:00+01:00;SELL;80,941;0;10471.38360041881;10471.38360041881;05;1;10000
2022-01-12T11:45:00+01:00;SELL;81,067;0;10471.38360041881;10471.38360041881;05;1;10000
2022-01-12T11:45:00+01:00;SELL;81,067;0;10471.38360041881;10471.38360041881;05;1;10000
2022-01-12T12:00:00+01:00;SELL;81,149;0;10471.38360041881;10471.38360041881;05;1;10000
2022-01-12T12:00:00+01:00;SELL;81,149;0;10471.38360041881;10471.38360041881;05;1;10000
2022-01-12T12:15:00+01:00;BUY;81,142;129.05010475978915;0;10471.38360041881;05;1;10000
2022-01-12T12:30:00+01:00;SELL;81,221;0;10481.578558694835;10481.578558694835;05;1;10000
2022-01-12T12:45:00+01:00;SELL;81,287;0;10481.578558694835;10481.578558694835;05;1;10000
2022-01-12T12:45:00+01:00;SELL;81,287;0;10481.578558694835;10481.578558694835;05;1;10000
2022-01-12T13:00:00+01:00;BUY;81,044;129.3319500357193;0;10481.578558694835;05;1;10000
2022-01-12T13:15:00+01:00;SELL;81,075;0;10485.587849145943;10485.587849145943;05;1;10000
2022-01-12T13:30:00+01:00;BUY;80,901;129.61011420311175;0;10485.587849145943;05;1;10000
2022-01-12T13:45:00+01:00;SELL;80,91;0;10486.754340173771;10486.754340173771;05;1;10000
2022-01-12T14:00:00+01:00;SELL;81,236;0;10486.754340173771;10486.754340173771;05;1;10000
2022-01-12T14:00:00+01:00;SELL;81,236;0;10486.754340173771;10486.754340173771;05;1;10000
2022-01-12T14:15:00+01:00;SELL;81,309;0;10486.754340173771;10486.754340173771;05;1;10000
2022-01-12T14:15:00+01:00;SELL;81,309;0;10486.754340173771;10486.754340173771;05;1;10000
2022-01-12T14:30:00+01:00;SELL;81,556;0;10486.754340173771;10486.754340173771;05;1;10000
2022-01-12T14:30:00+01:00;SELL;81,556;0;10486.754340173771;10486.754340173771;05;1;10000
2022-01-12T14:45:00+01:00;BUY;81,53;128.62448595822116;0;10486.754340173771;05;1;10000
2022-01-12T15:30:00+01:00;SELL;81,575;0;10492.542442041891;10492.542442041891;05;1;10000
2022-01-12T15:45:00+01:00;BUY;81,537;128.6844308969166;0;10492.542442041891;05;1;10000
2022-01-12T16:30:00+01:00;SELL;81,933;0;10543.50147667707;10543.50147667707;05;1;10000
2022-01-12T16:45:00+01:00;BUY;81,769;128.94252683384985;0;10543.50147667707;05;1;10000
2022-01-12T17:00:00+01:00;SELL;81,871;0;10556.653614414121;10556.653614414121;05;1;10000
2022-01-12T17:15:00+01:00;SELL;81,971;0;10556.653614414121;10556.653614414121;05;1;10000
2022-01-12T17:15:00+01:00;SELL;81,971;0;10556.653614414121;10556.653614414121;05;1;10000
2022-01-12T17:30:00+01:00;SELL;82,171;0;10556.653614414121;10556.653614414121;05;1;10000
2022-01-12T17:30:00+01:00;SELL;82,171;0;10556.653614414121;10556.653614414121;05;1;10000
2022-01-12T17:45:00+01:00;SELL;82,254;0;10556.653614414121;10556.653614414121;05;1;10000
2022-01-12T17:45:00+01:00;SELL;82,254;0;10556.653614414121;10556.653614414121;05;1;10000
2022-01-12T18:00:00+01:00;SELL;82,274;0;10556.653614414123;10556.653614414123;05;1;10000
2022-01-12T18:00:00+01:00;SELL;82,274;0;10556.653614414123;10556.653614414123;05;1;10000
2022-01-12T18:15:00+01:00;BUY;82,2;128.42644299773872;0;10556.653614414123;05;1;10000
2022-01-12T18:30:00+01:00;SELL;82,428;0;10585.934843417606;10585.934843417606;05;1;10000
2022-01-12T18:45:00+01:00;BUY;82,239;128.7215900414354;0;10585.934843417606;05;1;10000
2022-01-12T19:00:00+01:00;SELL;82,284;0;10591.727314969472;10591.727314969472;05;1;10000
2022-01-12T19:15:00+01:00;BUY;82,172;128.8970368856724;0;10591.727314969472;05;1;10000
2022-01-12T19:30:00+01:00;SELL;82,196;0;10594.820843854728;10594.820843854728;05;1;10000
2022-01-12T19:45:00+01:00;BUY;82,131;128.99904839652174;0;10594.820843854728;05;1;10000
2022-01-12T20:00:00+01:00;SELL;82,308;0;10617.653675420912;10617.653675420912;05;1;10000
2022-01-12T20:15:00+01:00;BUY;81,921;129.6084480831644;0;10617.653675420912;05;1;10000
2022-01-12T20:45:00+01:00;SELL;81,924;0;10618.042500765161;10618.042500765161;05;1;10000
2022-01-12T21:00:00+01:00;SELL;82,041;0;10618.042500765161;10618.042500765161;05;1;10000
2022-01-12T21:00:00+01:00;SELL;82,041;0;10618.042500765161;10618.042500765161;05;1;10000
2022-01-12T21:15:00+01:00;BUY;82,013;129.46779779748528;0;10618.042500765161;05;1;10000
2022-01-12T21:45:00+01:00;SELL;82,08;0;10626.716843217591;10626.716843217591;05;1;10000
2022-01-12T22:00:00+01:00;SELL;82,128;0;10626.716843217591;10626.716843217591;05;1;10000
2022-01-12T22:00:00+01:00;SELL;82,128;0;10626.716843217591;10626.716843217591;05;1;10000
2022-01-12T22:15:00+01:00;SELL;82,151;0;10626.71684321759;10626.71684321759;05;1;10000
2022-01-12T22:15:00+01:00;SELL;82,151;0;10626.71684321759;10626.71684321759;05;1;10000
2022-01-12T22:30:00+01:00;SELL;82,197;0;10626.71684321759;10626.71684321759;05;1;10000
2022-01-12T22:30:00+01:00;SELL;82,197;0;10626.71684321759;10626.71684321759;05;1;10000
2022-01-12T22:45:00+01:00;BUY;82,112;129.41734269312147;0;10626.71684321759;05;1;10000
2022-01-13T00:00:00+01:00;SELL;82,15;0;10631.63470223993;10631.63470223993;05;1;10000
2022-01-13T00:15:00+01:00;BUY;82,133;129.4441296706553;0;10631.63470223993;05;1;10000
2022-01-13T00:30:00+01:00;SELL;82,158;0;10634.870805481698;10634.870805481698;05;1;10000
2022-01-13T00:45:00+01:00;BUY;82,119;129.50560534689532;0;10634.870805481696;05;1;10000
2022-01-13T01:30:00+01:00;SELL;82,145;0;10638.237951220715;10638.237951220715;05;1;10000
2022-01-13T01:45:00+01:00;SELL;82,181;0;10638.237951220717;10638.237951220717;05;1;10000
2022-01-13T01:45:00+01:00;SELL;82,181;0;10638.237951220717;10638.237951220717;05;1;10000
2022-01-13T02:00:00+01:00;BUY;82,163;129.47723368451392;0;10638.237951220717;05;1;10000
2022-01-13T02:30:00+01:00;SELL;82,116;0;10632.152521237545;10632.152521237545;05;1;10000
2022-01-13T02:45:00+01:00;BUY;81,982;129.68886488787228;0;10632.152521237545;05;1;10000
2022-01-13T03:30:00+01:00;SELL;82,056;0;10641.749497239249;10641.749497239249;05;1;10000
2022-01-13T03:45:00+01:00;BUY;81,983;129.80434354975114;0;10641.749497239249;05;1;10000
2022-01-13T04:30:00+01:00;SELL;81,859;0;10625.653758639077;10625.653758639077;05;1;10000
2022-01-13T04:45:00+01:00;BUY;81,826;129.85669296603865;0;10625.653758639079;05;1;10000
2022-01-13T05:00:00+01:00;SELL;81,85;0;10628.770319270263;10628.770319270263;05;1;10000
2022-01-13T05:15:00+01:00;BUY;81,818;129.90748147437316;0;10628.770319270263;05;1;10000
2022-01-13T07:00:00+01:00;SELL;81,722;0;10616.299201048721;10616.299201048721;05;1;10000
2022-01-13T07:15:00+01:00;SELL;81,807;0;10616.299201048721;10616.299201048721;05;1;10000
2022-01-13T07:15:00+01:00;SELL;81,807;0;10616.299201048721;10616.299201048721;05;1;10000
2022-01-13T07:30:00+01:00;BUY;81,761;129.84551560094326;0;10616.299201048721;05;1;10000
2022-01-13T07:45:00+01:00;SELL;81,777;0;10618.376729298338;10618.376729298338;05;1;10000
2022-01-13T08:00:00+01:00;BUY;81,589;130.14470981747954;0;10618.376729298338;05;1;10000
2022-01-13T08:30:00+01:00;SELL;81,589;0;10618.376729298338;10618.376729298338;05;1;10000
2022-01-13T08:45:00+01:00;SELL;81,743;0;10618.376729298338;10618.376729298338;05;1;10000
2022-01-13T08:45:00+01:00;SELL;81,743;0;10618.376729298338;10618.376729298338;05;1;10000
2022-01-13T09:00:00+01:00;SELL;81,828;0;10618.37672929834;10618.37672929834;05;1;10000
2022-01-13T09:00:00+01:00;SELL;81,828;0;10618.37672929834;10618.37672929834;05;1;10000
2022-01-13T09:15:00+01:00;SELL;81,914;0;10618.37672929834;10618.37672929834;05;1;10000
2022-01-13T09:15:00+01:00;SELL;81,914;0;10618.37672929834;10618.37672929834;05;1;10000
2022-01-13T09:30:00+01:00;BUY;81,857;129.71861574817473;0;10618.37672929834;05;1;10000
2022-01-13T09:45:00+01:00;SELL;82,057;0;10644.320452447973;10644.320452447973;05;1;10000
2022-01-13T10:00:00+01:00;BUY;81,788;130.14525911439299;0;10644.320452447973;05;1;10000
2022-01-13T10:15:00+01:00;SELL;81,892;0;10657.85555939587;10657.85555939587;05;1;10000
2022-01-13T10:30:00+01:00;SELL;82,095;0;10657.85555939587;10657.85555939587;05;1;10000
2022-01-13T10:30:00+01:00;SELL;82,095;0;10657.85555939587;10657.85555939587;05;1;10000
2022-01-13T10:45:00+01:00;SELL;82,121;0;10657.85555939587;10657.85555939587;05;1;10000
2022-01-13T10:45:00+01:00;SELL;82,121;0;10657.85555939587;10657.85555939587;05;1;10000
2022-01-13T11:00:00+01:00;BUY;82,114;129.79340379710973;0;10657.85555939587;05;1;10000
2022-01-13T11:30:00+01:00;SELL;82,038;0;10647.991260707287;10647.991260707287;05;1;10000
2022-01-13T11:45:00+01:00;BUY;82,001;129.85196839925473;0;10647.991260707287;05;1;10000
2022-01-13T12:15:00+01:00;SELL;82,084;0;10658.768974084425;10658.768974084425;05;1;10000
2022-01-13T12:30:00+01:00;BUY;82,026;129.94378580065376;0;10658.768974084425;05;1;10000
2022-01-13T13:45:00+01:00;SELL;81,619;0;10605.88185326356;10605.88185326356;05;1;10000
2022-01-13T14:00:00+01:00;BUY;81,564;130.03140911754647;0;10605.88185326356;05;1;10000
2022-01-13T14:15:00+01:00;SELL;81,588;0;10609.00260708238;10609.00260708238;05;1;10000
2022-01-13T14:30:00+01:00;BUY;81,585;130.03619056300033;0;10609.00260708238;05;1;10000
2022-01-13T14:45:00+01:00;SELL;81,801;0;10637.09042424399;10637.09042424399;05;1;10000
2022-01-13T15:00:00+01:00;SELL;81,865;0;10637.09042424399;10637.09042424399;05;1;10000
2022-01-13T15:00:00+01:00;SELL;81,865;0;10637.09042424399;10637.09042424399;05;1;10000
2022-01-13T15:15:00+01:00;SELL;82,158;0;10637.09042424399;10637.09042424399;05;1;10000
2022-01-13T15:15:00+01:00;SELL;82,158;0;10637.09042424399;10637.09042424399;05;1;10000
2022-01-13T15:30:00+01:00;BUY;82,13;129.51528581814185;0;10637.09042424399;05;1;10000
2022-01-13T15:45:00+01:00;SELL;82,141;0;10638.51509238799;10638.51509238799;05;1;10000
2022-01-13T16:00:00+01:00;BUY;81,918;129.8678567883492;0;10638.51509238799;05;1;10000
2022-01-13T17:00:00+01:00;SELL;81,501;0;10584.360196107249;10584.360196107249;05;1;10000
2022-01-13T17:15:00+01:00;SELL;81,715;0;10584.360196107249;10584.360196107249;05;1;10000
2022-01-13T17:15:00+01:00;SELL;81,715;0;10584.360196107249;10584.360196107249;05;1;10000
2022-01-13T17:30:00+01:00;SELL;82,051;0;10584.36019610725;10584.36019610725;05;1;10000
2022-01-13T17:30:00+01:00;SELL;82,051;0;10584.36019610725;10584.36019610725;05;1;10000
2022-01-13T17:45:00+01:00;SELL;82,151;0;10584.360196107253;10584.360196107253;05;1;10000
2022-01-13T17:45:00+01:00;SELL;82,151;0;10584.360196107253;10584.360196107253;05;1;10000
2022-01-13T18:00:00+01:00;BUY;82,037;129.01934732020007;0;10584.360196107255;05;1;10000
2022-01-13T18:45:00+01:00;SELL;81,754;0;10547.847720815636;10547.847720815636;05;1;10000
2022-01-13T19:00:00+01:00;SELL;81,881;0;10547.847720815635;10547.847720815635;05;1;10000
2022-01-13T19:00:00+01:00;SELL;81,881;0;10547.847720815635;10547.847720815635;05;1;10000
2022-01-13T19:15:00+01:00;BUY;81,663;129.16311819080408;0;10547.847720815633;05;1;10000
2022-01-13T19:30:00+01:00;SELL;81,884;0;10576.392769935801;10576.392769935801;05;1;10000
2022-01-13T19:45:00+01:00;SELL;81,897;0;10576.392769935803;10576.392769935803;05;1;10000
2022-01-13T19:45:00+01:00;SELL;81,897;0;10576.392769935803;10576.392769935803;05;1;10000
2022-01-13T20:00:00+01:00;BUY;81,785;129.3194689727432;0;10576.392769935803;05;1;10000
2022-01-13T21:15:00+01:00;SELL;81,092;0;10486.774377937692;10486.774377937692;05;1;10000
2022-01-14T08:15:00+01:00;SELL;81,734;0;10486.774377937692;10486.774377937692;05;1;10000
2022-01-14T08:15:00+01:00;SELL;81,734;0;10486.774377937692;10486.774377937692;05;1;10000
2022-01-14T08:30:00+01:00;BUY;81,659;128.42153807832193;0;10486.77437793769;05;1;10000
2022-01-14T08:45:00+01:00;SELL;81,738;0;10496.919679445879;10496.919679445879;05;1;10000
2022-01-14T09:00:00+01:00;SELL;81,773;0;10496.91967944588;10496.91967944588;05;1;10000
2022-01-14T09:00:00+01:00;SELL;81,773;0;10496.91967944588;10496.91967944588;05;1;10000
2022-01-14T09:15:00+01:00;SELL;81,869;0;10496.91967944588;10496.91967944588;05;1;10000
2022-01-14T09:15:00+01:00;SELL;81,869;0;10496.91967944588;10496.91967944588;05;1;10000
2022-01-14T09:30:00+01:00;SELL;82,272;0;10496.91967944588;10496.91967944588;05;1;10000
2022-01-14T09:30:00+01:00;SELL;82,272;0;10496.91967944588;10496.91967944588;05;1;10000
2022-01-14T09:45:00+01:00;BUY;82,091;127.86931185447712;0;10496.91967944588;05;1;10000
2022-01-14T10:30:00+01:00;SELL;82,182;0;10508.55578682464;10508.55578682464;05;1;10000
2022-01-14T10:45:00+01:00;BUY;82,178;127.8755358712142;0;10508.55578682464;05;1;10000
2022-01-14T11:00:00+01:00;SELL;82,343;0;10529.655250243391;10529.655250243391;05;1;10000
2022-01-14T11:15:00+01:00;SELL;82,348;0;10529.655250243391;10529.655250243391;05;1;10000
2022-01-14T11:15:00+01:00;SELL;82,348;0;10529.655250243391;10529.655250243391;05;1;10000
2022-01-14T11:30:00+01:00;SELL;82,462;0;10529.655250243391;10529.655250243391;05;1;10000
2022-01-14T11:30:00+01:00;SELL;82,462;0;10529.655250243391;10529.655250243391;05;1;10000
2022-01-14T11:45:00+01:00;SELL;82,519;0;10529.655250243391;10529.655250243391;05;1;10000
2022-01-14T11:45:00+01:00;SELL;82,519;0;10529.655250243391;10529.655250243391;05;1;10000
2022-01-14T12:00:00+01:00;SELL;82,679;0;10529.655250243391;10529.655250243391;05;1;10000
2022-01-14T12:00:00+01:00;SELL;82,679;0;10529.655250243391;10529.655250243391;05;1;10000
2022-01-14T12:15:00+01:00;BUY;82,553;127.55024348289453;0;10529.655250243391;05;1;10000
2022-01-14T14:15:00+01:00;SELL;81,647;0;10414.09472964789;10414.09472964789;05;1;10000
2022-01-14T14:30:00+01:00;SELL;81,875;0;10414.09472964789;10414.09472964789;05;1;10000
2022-01-14T14:30:00+01:00;SELL;81,875;0;10414.09472964789;10414.09472964789;05;1;10000
2022-01-14T14:45:00+01:00;BUY;81,718;127.43942252193996;0;10414.09472964789;05;1;10000
2022-01-14T15:00:00+01:00;SELL;82,106;0;10463.541225586401;10463.541225586401;05;1;10000
2022-01-14T15:15:00+01:00;SELL;82,177;0;10463.541225586401;10463.541225586401;05;1;10000
2022-01-14T15:15:00+01:00;SELL;82,177;0;10463.541225586401;10463.541225586401;05;1;10000
2022-01-14T15:30:00+01:00;SELL;82,396;0;10463.541225586401;10463.541225586401;05;1;10000
2022-01-14T15:30:00+01:00;SELL;82,396;0;10463.541225586401;10463.541225586401;05;1;10000
2022-01-14T15:45:00+01:00;SELL;82,504;0;10463.541225586401;10463.541225586401;05;1;10000
2022-01-14T15:45:00+01:00;SELL;82,504;0;10463.541225586401;10463.541225586401;05;1;10000
2022-01-14T16:00:00+01:00;BUY;82,386;127.00630235217636;0;10463.541225586401;05;1;10000
2022-01-14T16:15:00+01:00;SELL;82,495;0;10477.38491254279;10477.38491254279;05;1;10000
2022-01-14T16:30:00+01:00;BUY;82,425;127.11416333081941;0;10477.38491254279;05;1;10000
2022-01-14T17:00:00+01:00;SELL;82,499;0;10486.79136062927;10486.79136062927;05;1;10000
2022-01-14T17:15:00+01:00;SELL;82,745;0;10486.79136062927;10486.79136062927;05;1;10000
2022-01-14T17:15:00+01:00;SELL;82,745;0;10486.79136062927;10486.79136062927;05;1;10000
2022-01-14T17:30:00+01:00;BUY;82,41;127.25144230832751;0;10486.79136062927;05;1;10000
2022-01-14T18:00:00+01:00;SELL;82,602;0;10511.22363755247;10511.22363755247;05;1;10000
2022-01-14T18:15:00+01:00;SELL;82,723;0;10511.22363755247;10511.22363755247;05;1;10000
2022-01-14T18:15:00+01:00;SELL;82,723;0;10511.22363755247;10511.22363755247;05;1;10000
2022-01-14T18:30:00+01:00;SELL;83,129;0;10511.22363755247;10511.22363755247;05;1;10000
2022-01-14T18:30:00+01:00;SELL;83,129;0;10511.22363755247;10511.22363755247;05;1;10000
2022-01-14T18:45:00+01:00;SELL;83,417;0;10511.22363755247;10511.22363755247;05;1;10000
2022-01-14T18:45:00+01:00;SELL;83,417;0;10511.22363755247;10511.22363755247;05;1;10000
2022-01-14T19:00:00+01:00;BUY;83,202;126.33378569688794;0;10511.22363755247;05;1;10000
2022-01-14T19:15:00+01:00;SELL;83,318;0;10525.878356693309;10525.878356693309;05;1;10000
2022-01-14T19:30:00+01:00;BUY;83,291;126.37473864755268;0;10525.878356693309;05;1;10000
2022-01-14T19:45:00+01:00;SELL;83,37;0;10535.861961046467;10535.861961046467;05;1;10000
2022-01-14T20:00:00+01:00;SELL;83,388;0;10535.861961046467;10535.861961046467;05;1;10000
2022-01-14T20:00:00+01:00;SELL;83,388;0;10535.861961046467;10535.861961046467;05;1;10000
2022-01-14T20:15:00+01:00;BUY;83,318;126.45361099698104;0;10535.861961046467;05;1;10000
2022-01-14T20:30:00+01:00;SELL;83,319;0;10535.988414657464;10535.988414657464;05;1;10000
2022-01-14T20:45:00+01:00;BUY;83,258;126.5462587938392;0;10535.988414657464;05;1;10000
2022-01-14T21:00:00+01:00;SELL;83,429;0;10557.627824911211;10557.627824911211;05;1;10000
2022-01-14T21:15:00+01:00;SELL;83,596;0;10557.627824911211;10557.627824911211;05;1;10000
2022-01-14T21:15:00+01:00;SELL;83,596;0;10557.627824911211;10557.627824911211;05;1;10000
2022-01-14T21:30:00+01:00;SELL;83,637;0;10557.627824911211;10557.627824911211;05;1;10000
2022-01-14T21:30:00+01:00;SELL;83,637;0;10557.627824911211;10557.627824911211;05;1;10000
2022-01-14T21:45:00+01:00;BUY;83,632;126.23909298965958;0;10557.627824911211;05;1;10000
2022-01-14T22:00:00+01:00;SELL;83,672;0;10562.677388630796;10562.677388630796;05;1;10000
2022-01-14T22:15:00+01:00;BUY;83,656;126.26323740832451;0;10562.677388630796;05;1;10000
2022-01-14T22:30:00+01:00;SELL;83,73;0;10572.020868199012;10572.020868199012;05;1;10000
2022-01-14T22:45:00+01:00;BUY;83,62;126.42933351110992;0;10572.020868199012;05;1;10000
2022-01-17T00:00:00+01:00;SELL;83,907;0;10608.3060869167;10608.3060869167;05;1;10000
2022-01-17T00:15:00+01:00;BUY;83,884;126.46399893801798;0;10608.3060869167;05;1;10000
2022-01-17T00:30:00+01:00;SELL;83,926;0;10613.617574872098;10613.617574872098;05;1;10000
2022-01-17T00:45:00+01:00;BUY;83,811;126.63752460741546;0;10613.617574872098;05;1;10000
2022-01-17T02:15:00+01:00;SELL;83,741;0;10604.752948149579;10604.752948149579;05;1;10000
2022-01-17T02:30:00+01:00;SELL;83,833;0;10604.752948149579;10604.752948149579;05;1;10000
2022-01-17T02:30:00+01:00;SELL;83,833;0;10604.752948149579;10604.752948149579;05;1;10000
2022-01-17T02:45:00+01:00;SELL;83,864;0;10604.752948149579;10604.752948149579;05;1;10000
2022-01-17T02:45:00+01:00;SELL;83,864;0;10604.752948149579;10604.752948149579;05;1;10000
2022-01-17T03:00:00+01:00;BUY;83,734;126.64811125886234;0;10604.752948149579;05;1;10000
2022-01-17T03:45:00+01:00;SELL;83,542;0;10580.436510787878;10580.436510787878;05;1;10000
2022-01-17T04:00:00+01:00;BUY;83,434;126.81204917405229;0;10580.436510787878;05;1;10000
2022-01-17T04:15:00+01:00;SELL;83,508;0;10589.820602426758;10589.820602426758;05;1;10000
2022-01-17T04:30:00+01:00;SELL;83,525;0;10589.820602426758;10589.820602426758;05;1;10000
2022-01-17T04:30:00+01:00;SELL;83,525;0;10589.820602426758;10589.820602426758;05;1;10000
2022-01-17T04:45:00+01:00;SELL;83,537;0;10589.820602426758;10589.820602426758;05;1;10000
2022-01-17T04:45:00+01:00;SELL;83,537;0;10589.820602426758;10589.820602426758;05;1;10000
2022-01-17T05:00:00+01:00;BUY;83,461;126.88346176569605;0;10589.820602426758;05;1;10000
2022-01-17T05:45:00+01:00;SELL;83,434;0;10586.394748959085;10586.394748959085;05;1;10000
2022-01-17T06:00:00+01:00;SELL;83,532;0;10586.394748959085;10586.394748959085;05;1;10000
2022-01-17T06:00:00+01:00;SELL;83,532;0;10586.394748959085;10586.394748959085;05;1;10000
2022-01-17T06:15:00+01:00;SELL;83,538;0;10586.394748959085;10586.394748959085;05;1;10000
2022-01-17T06:15:00+01:00;SELL;83,538;0;10586.394748959085;10586.394748959085;05;1;10000
2022-01-17T06:30:00+01:00;BUY;83,435;126.88194101946526;0;10586.394748959085;05;1;10000
2022-01-17T06:45:00+01:00;SELL;83,528;0;10598.194769473896;10598.194769473896;05;1;10000
2022-01-17T07:00:00+01:00;SELL;83,619;0;10598.194769473896;10598.194769473896;05;1;10000
2022-01-17T07:00:00+01:00;SELL;83,619;0;10598.194769473896;10598.194769473896;05;1;10000
2022-01-17T07:15:00+01:00;SELL;83,656;0;10598.194769473896;10598.194769473896;05;1;10000
2022-01-17T07:15:00+01:00;SELL;83,656;0;10598.194769473896;10598.194769473896;05;1;10000
2022-01-17T07:30:00+01:00;SELL;83,716;0;10598.194769473896;10598.194769473896;05;1;10000
2022-01-17T07:30:00+01:00;SELL;83,716;0;10598.194769473896;10598.194769473896;05;1;10000
2022-01-17T07:45:00+01:00;BUY;83,658;126.68477335668908;0;10598.194769473896;05;1;10000
2022-01-17T08:00:00+01:00;SELL;83,751;0;10609.976453396068;10609.976453396068;05;1;10000
2022-01-17T08:15:00+01:00;SELL;83,825;0;10609.976453396068;10609.976453396068;05;1;10000
2022-01-17T08:15:00+01:00;SELL;83,825;0;10609.976453396068;10609.976453396068;05;1;10000
2022-01-17T08:30:00+01:00;BUY;83,825;126.57293711179322;0;10609.976453396068;05;1;10000
2022-01-17T09:30:00+01:00;SELL;83,579;0;10578.839510866565;10578.839510866565;05;1;10000
2022-01-17T09:45:00+01:00;BUY;83,529;126.64870297581157;0;10578.839510866565;05;1;10000
2022-01-17T10:15:00+01:00;SELL;83,33;0;10553.636418974378;10553.636418974378;05;1;10000
2022-01-17T10:30:00+01:00;SELL;83,453;0;10553.636418974378;10553.636418974378;05;1;10000
2022-01-17T10:30:00+01:00;SELL;83,453;0;10553.636418974378;10553.636418974378;05;1;10000
2022-01-17T10:45:00+01:00;SELL;83,46;0;10553.636418974378;10553.636418974378;05;1;10000
2022-01-17T10:45:00+01:00;SELL;83,46;0;10553.636418974378;10553.636418974378;05;1;10000
2022-01-17T11:00:00+01:00;BUY;83,142;126.93507997130666;0;10553.636418974378;05;1;10000
2022-01-17T11:15:00+01:00;SELL;83,299;0;10573.565226529874;10573.565226529874;05;1;10000
2022-01-17T11:30:00+01:00;BUY;83,246;127.01589537671329;0;10573.565226529874;05;1;10000
2022-01-17T12:15:00+01:00;SELL;83,241;0;10572.93014705299;10572.93014705299;05;1;10000
2022-01-17T12:30:00+01:00;SELL;83,275;0;10572.93014705299;10572.93014705299;05;1;10000
2022-01-17T12:30:00+01:00;SELL;83,275;0;10572.93014705299;10572.93014705299;05;1;10000
2022-01-17T12:45:00+01:00;BUY;83,218;127.05100034911905;0;10572.93014705299;05;1;10000